"","ncaa_id","team","player_id","name","year","hometown","high_school","previous_school","height","position","jersey","url","season","year-clean","redshirt"
"1",8,"Alabama",8237,"Hannah Barber","Graduate Student","Homewood, Ala.",NA,"Homewood HS","5'6""","Guard","5","https://www.rolltide.com/sports/womens-basketball/roster/hannah-barber/8237","2022-23","Graduate Student",0
"2",8,"Alabama",8239,"Myra Gordon","Junior","Fort Worth, Texas",NA,"L.D. Bell HS","6'0""","Guard","15","https://www.rolltide.com/sports/womens-basketball/roster/myra-gordon/8239","2022-23","Junior",0
"3",37,"Auburn",18261,"Amoura Graves","Sophomore","Ponchatoula, La.",NA,"Ponchatoula HS","6'0""","Guard/Forward","0","https://www.auburntigers.com/sports/womens-basketball/roster/amoura-graves/18261","2022-23","Sophomore",0
"4",37,"Auburn",18268,"Mya Pratcher","Freshman","Memphis, Tenn.",NA,"Bartlett HS","6'1""","Forward","1","https://www.auburntigers.com/sports/womens-basketball/roster/mya-pratcher/18268","2022-23","Freshman",0
"5",37,"Auburn",18266,"Sania Wells","Senior","Moss Point, Miss.",NA,"East Central HS","5'7""","Guard","2","https://www.auburntigers.com/sports/womens-basketball/roster/sania-wells/18266","2022-23","Senior",0
"6",37,"Auburn",18270,"Kaitlyn Duhon","Freshman","Houston, Texas",NA,"Summer Creek HS","5'10""","Guard","4","https://www.auburntigers.com/sports/womens-basketball/roster/kaitlyn-duhon/18270","2022-23","Freshman",0
"7",37,"Auburn",18263,"Romi Levy","Junior","Herzliya, Israel",NA,"Hof Hasharon HS","6'3""","Forward","11","https://www.auburntigers.com/sports/womens-basketball/roster/romi-levy/18263","2022-23","Junior",0
"8",37,"Auburn",18259,"Mar'shaun Bostic","Sophomore","St. Louis, Mo.",NA,"Vashon HS","5'8""","Guard","12","https://www.auburntigers.com/sports/womens-basketball/roster/mar-shaun-bostic/18259","2022-23","Sophomore",0
"9",37,"Auburn",18264,"Carsen McFadden","Junior","Fairview, Texas",NA,"Lovejoy HS","5'8""","Guard","24","https://www.auburntigers.com/sports/womens-basketball/roster/carsen-mcfadden/18264","2022-23","Junior",0
"10",37,"Auburn",18274,"Kharyssa Richardson","Freshman","Douglasville, Ga.",NA,"New Manchester HS","6'2""","Forward","33","https://www.auburntigers.com/sports/womens-basketball/roster/kharyssa-richardson/18274","2022-23","Freshman",0
"11",30135,"California Baptist",8967,"Mia Morel","Sophomore","Madison, Wisc.",NA,"Madison Memorial HS","5'7""","Guard","10","https://www.cbulancers.com/sports/womens-basketball/roster/mia-morel/8967","2022-23","Sophomore",0
"12",30135,"California Baptist",8969,"Trinity San Antonio","Sophomore","Moreno Valley, Calif.",NA,"Centennial HS","5'10""","Guard","23","https://www.cbulancers.com/sports/womens-basketball/roster/trinity-san-antonio/8969","2022-23","Sophomore",0
"13",164,"UConn",12448,"Paige Bueckers","Junior","Hopkins, Minn.",NA,"Hopkins HS","5'11""","Guard","5","https://www.uconnhuskies.com/sports/womens-basketball/roster/paige-bueckers/12448","2022-23","Junior",0
"14",164,"UConn",12458,"Ice Brady","Freshman","San Diego, Calif.",NA,"Cathedral Catholic HS","6'3""","Forward","25","https://www.uconnhuskies.com/sports/womens-basketball/roster/ice-brady/12458","2022-23","Freshman",0
"15",164,"UConn",12457,"Ayanna Patterson","Freshman","Fort Wayne, Ind.",NA,"Homestead HS","6'2""","Forward","34","https://www.uconnhuskies.com/sports/womens-basketball/roster/ayanna-patterson/12457","2022-23","Freshman",0
"16",164,"UConn",12452,"Azzi Fudd","Sophomore","Arlington, Va.",NA,"St. John's College HS","5'11""","Guard","35","https://www.uconnhuskies.com/sports/womens-basketball/roster/azzi-fudd/12452","2022-23","Sophomore",0
"17",164,"UConn",12449,"Amari DeBerry","Sophomore","Williamsville, N.Y.",NA,"Williamsville South HS","6'5""","Forward","42","https://www.uconnhuskies.com/sports/womens-basketball/roster/amari-deberry/12449","2022-23","Sophomore",0
"18",164,"UConn",12453,"Aubrey Griffin","Redshirt Junior","Ossining, N.Y.",NA,"Ossining HS","6'1""","Forward","44","https://www.uconnhuskies.com/sports/womens-basketball/roster/aubrey-griffin/12453","2022-23","Junior",1
"19",732,"Utah",13314,"Lani White","Freshman","Irvine, Calif.",NA,"Mater Dei HS","5'11""","Guard","3","https://www.utahutes.com/sports/womens-basketball/roster/lani-white/13314","2022-23","Freshman",0
"20",732,"Utah",13306,"Gianna Kneepkens","Sophomore","Duluth, Minn.",NA,"Duluth Marshall HS","5'11""","Guard","5","https://www.utahutes.com/sports/womens-basketball/roster/gianna-kneepkens/13306","2022-23","Sophomore",0
"21",732,"Utah",13313,"Naya Ojukwu","Freshman","Meridian, Idaho",NA,"Mountain View HS","6'0""","Forward","13","https://www.utahutes.com/sports/womens-basketball/roster/naya-ojukwu/13313","2022-23","Freshman",0
"22",732,"Utah",13305,"Jenna Johnson","Sophomore","Medina, Minn.",NA,"Wayzata HS","6'2""","Forward","22","https://www.utahutes.com/sports/womens-basketball/roster/jenna-johnson/13305","2022-23","Sophomore",0
"23",732,"Utah",13308,"Kennady McQueen","Sophomore","Henefer, Utah",NA,"North Summit HS","5'10""","Guard","24","https://www.utahutes.com/sports/womens-basketball/roster/kennady-mcqueen/13308","2022-23","Sophomore",0
"24",732,"Utah",13315,"Teya Sidberry","Freshman","Salt Lake City, Utah",NA,"Judge Memorial HS","6'1""","Forward","32","https://www.utahutes.com/sports/womens-basketball/roster/teya-sidberry/13315","2022-23","Freshman",0
"25",732,"Utah",13307,"Peyton  McFarland","Junior","Boise, Idaho",NA,"Boise HS","6'4""","Forward","42","https://www.utahutes.com/sports/womens-basketball/roster/peyton-mcfarland/13307","2022-23","Junior",0
"26",610,"Saint Mary's (CA)",3775,"Taycee Wedin","Graduate Student","Milwaukie, Ore.",NA,"La Salle HS","5'9""","Guard","4","https://www.smcgaels.com/sports/womens-basketball/roster/taycee-wedin/3775","2022-23","Graduate Student",0
"27",610,"Saint Mary's (CA)",3767,"Ellie Croco","Junior","Lebanon, Ore.",NA,"Lebanon HS","6'1""","Forward","22","https://www.smcgaels.com/sports/womens-basketball/roster/ellie-croco/3767","2022-23","Junior",0
"28",610,"Saint Mary's (CA)",3774,"Addison Wedin","Redshirt Freshman","Milwaukie, Ore.",NA,"La Salle HS","5'10""","Guard","23","https://www.smcgaels.com/sports/womens-basketball/roster/addison-wedin/3774","2022-23","Freshman",1
"29",610,"Saint Mary's (CA)",3769,"Aspen Garrison","Sophomore","Bellingham, Wash.",NA,"Sehome HS","6'2""","Forward","25","https://www.smcgaels.com/sports/womens-basketball/roster/aspen-garrison/3769","2022-23","Sophomore",0
"30",1157,"Kennesaw State",10752,"Amani Johnson","Graduate Student","North Versailles, Pa.",NA,"East Allegheny HS","5'6""","G","0","https://www.ksuowls.com/sports/womens-basketball/roster/amani-johnson/10752","2022-23","Graduate Student",0
"31",1157,"Kennesaw State",10753,"Stacie Jones","Junior","Kathleen, Ga.",NA,"Veterans HS","6'1""","Forward","20","https://www.ksuowls.com/sports/womens-basketball/roster/stacie-jones/10753","2022-23","Junior",0
"32",1157,"Kennesaw State",10757,"Bre'Lyn Snipes","Junior","Columbus, Ga.",NA,"Shaw HS","5'9""","Guard","23","https://www.ksuowls.com/sports/womens-basketball/roster/bre-lyn-snipes/10757","2022-23","Junior",0
"33",1157,"Kennesaw State",10756,"Julia Rodriguez","Junior","Bradenton, Fla.",NA,"Braden River HS","5'8""","Guard","32","https://www.ksuowls.com/sports/womens-basketball/roster/julia-rodriguez/10756","2022-23","Junior",0
"34",2711,"North Florida",12372,"Sarah Taub","Freshman","Marietta, Ga.",NA,"Campbell HS","5'9""","Guard","4","https://www.unfospreys.com/sports/womens-basketball/roster/sarah-taub/12372","2022-23","Freshman",0
"35",2711,"North Florida",12374,"Maddie Millar","Freshman","Amelia Island, Fla.",NA,"Bishop Kenny HS","5'9""","Guard","10","https://www.unfospreys.com/sports/womens-basketball/roster/maddie-millar/12374","2022-23","Freshman",0
"36",2711,"North Florida",12369,"Kaila Rougier","Sophomore","Savannah, Ga.",NA,"Beach HS","5'5""","Guard","12","https://www.unfospreys.com/sports/womens-basketball/roster/kaila-rougier/12369","2022-23","Sophomore",0
"37",2711,"North Florida",12368,"Emma Broermann","Senior","Okeana, Ohio",NA,"Badlin HS","6'3""","Forward","40","https://www.unfospreys.com/sports/womens-basketball/roster/emma-broermann/12368","2022-23","Senior",0
"38",474,"New Orleans",5469,"Imani  Williams","Freshman","Hopkins, S.C.",NA,"Dreher HS","5'8""","Guard","11","https://www.unoprivateers.com/sports/womens-basketball/roster/imani-williams/5469","2022-23","Freshman",0
"39",474,"New Orleans",5460,"Kyla Davis","Sophomore","Fort Worth, Texas",NA,"L.D. Bell HS","5'9""","Guard","14","https://www.unoprivateers.com/sports/womens-basketball/roster/kyla-davis/5460","2022-23","Sophomore",0
"40",474,"New Orleans",5459,"Zoe Cooper","Sophomore","Birmingham, Ala.",NA,"Ramsay HS","5'11""","Forward","31","https://www.unoprivateers.com/sports/womens-basketball/roster/zoe-cooper/5459","2022-23","Sophomore",0
"41",474,"New Orleans",5461,"Brianna Ellis","Sophomore","Palm Coast, Fla.",NA,"Flagler Palm Coast HS","5'8""","Guard","32","https://www.unoprivateers.com/sports/womens-basketball/roster/brianna-ellis/5461","2022-23","Sophomore",0
"42",219,"Evansville",5785,"Kynidi Mason Striverson","Freshman","Sellersburg, Ind.",NA,"Silver Creek HS","5'8""","Guard","0","https://www.gopurpleaces.com/sports/womens-basketball/roster/kynidi-mason-striverson/5785","2022-23","Freshman",0
"43",219,"Evansville",5784,"Anna Newman","Graduate Student","Evansville, Ind.",NA,"North HS","5'4""","Guard","1","https://www.gopurpleaces.com/sports/womens-basketball/roster/anna-newman/5784","2022-23","Graduate Student",0
"44",219,"Evansville",5786,"Rayah Kincer","Freshman","Indianapolis, Ind.",NA,"Franklin Central HS","5'10""","Guard","5","https://www.gopurpleaces.com/sports/womens-basketball/roster/rayah-kincer/5786","2022-23","Freshman",0
"45",219,"Evansville",5779,"Abby Feit","Senior","Normal, Ill.",NA,"Normal Community HS","6'1""","Guard/Forward","14","https://www.gopurpleaces.com/sports/womens-basketball/roster/abby-feit/5779","2022-23","Senior",0
"46",219,"Evansville",5780,"A'Niah Griffin","Fifth Year","Louisville, Ky.",NA,"Louisville Manual HS","6'1""","Guard","21","https://www.gopurpleaces.com/sports/womens-basketball/roster/a-niah-griffin/5780","2022-23","Fifth Year",0
"47",219,"Evansville",5781,"Jossie Hudson","Senior","Evansville, Ind.",NA,"Mater Dei HS","6'1""","Forward","22","https://www.gopurpleaces.com/sports/womens-basketball/roster/jossie-hudson/5781","2022-23","Senior",0
"48",498,"Louisiana Monroe",5479,"Bre Sutton","Sophomore","New Orleans, Louisiana",NA,"Warren Easton HS","5'9""","Guard","1","https://www.ulmwarhawks.com/sports/womens-basketball/roster/bre-sutton/5479","2022-23","Sophomore",0
"49",498,"Louisiana Monroe",5478,"Gara Beth Self","Junior","New Albany, Mississippi",NA,"Ingomar HS","5'8""","Guard","2","https://www.ulmwarhawks.com/sports/womens-basketball/roster/gara-beth-self/5478","2022-23","Junior",0
"50",498,"Louisiana Monroe",5477,"Aasia Sam","Sophomore","Lake Charles, Louisiana",NA,"LaGrange HS","5'11""","Guard","10","https://www.ulmwarhawks.com/sports/womens-basketball/roster/aasia-sam/5477","2022-23","Sophomore",0
"51",498,"Louisiana Monroe",5471,"Jada Anderson","Redshirt Freshman","Benton, Louisiana",NA,"Benton HS","5'5""","Guard","11","https://www.ulmwarhawks.com/sports/womens-basketball/roster/jada-anderson/5471","2022-23","Freshman",1
"52",498,"Louisiana Monroe",5482,"Sarah Adams","Freshman","Ruston, Louisiana",NA,"Cedar Creek HS","5'7""","Guard","12","https://www.ulmwarhawks.com/sports/womens-basketball/roster/sarah-adams/5482","2022-23","Freshman",0
"53",498,"Louisiana Monroe",5483,"Myca Trail","Freshman","Lake Charles, Louisiana",NA,"St. Louis Catholic HS","5'10""","Guard","14","https://www.ulmwarhawks.com/sports/womens-basketball/roster/myca-trail/5483","2022-23","Freshman",0
"54",498,"Louisiana Monroe",5475,"Amaya Ford","Sophomore","Starkville, Mississippi",NA,"Starkville HS","5'11""","Guard","15","https://www.ulmwarhawks.com/sports/womens-basketball/roster/amaya-ford/5475","2022-23","Sophomore",0
"55",498,"Louisiana Monroe",5476,"Katlyn Manuel","Sophomore","Lawtell, Louisiana",NA,"Northwest HS","6'1""","Forward","21","https://www.ulmwarhawks.com/sports/womens-basketball/roster/katlyn-manuel/5476","2022-23","Sophomore",0
"56",498,"Louisiana Monroe",5474,"Qua Chambers","Sophomore","Plain Dealing, Louisiana",NA,"Benton HS","5'8""","Guard","22","https://www.ulmwarhawks.com/sports/womens-basketball/roster/qua-chambers/5474","2022-23","Sophomore",0
"57",498,"Louisiana Monroe",5473,"Diamond Brooks","Sixth Year","Kentwood, Louisiana",NA,"Jewel M. Sumner HS","6'2""","Center","24","https://www.ulmwarhawks.com/sports/womens-basketball/roster/diamond-brooks/5473","2022-23","Sixth Year",0
"58",498,"Louisiana Monroe",5485,"Sha'Miya Butler","Freshman","West Monroe, Louisiana",NA,"West Monroe HS","6'2""","Center","44","https://www.ulmwarhawks.com/sports/womens-basketball/roster/sha-miya-butler/5485","2022-23","Freshman",0
"59",695,"UT Martin",2873,"Ella Thompson","Sophomore","Bardstown, Ky.",NA,"Bethlehem HS","5'11""","F","2","https://www.utmsports.com/sports/womens-basketball/roster/ella-thompson/2873","2022-23","Sophomore",0
"60",695,"UT Martin",2874,"Anaya Brown","Freshman","Lexington, Ky.",NA,"Lafayette HS","6'1""","F","4","https://www.utmsports.com/sports/womens-basketball/roster/anaya-brown/2874","2022-23","Freshman",0
"61",695,"UT Martin",2870,"Shae Littleford","Sophomore","Charleston, Ill.",NA,"Charleston HS","5'7""","G","11","https://www.utmsports.com/sports/womens-basketball/roster/shae-littleford/2870","2022-23","Sophomore",0
"62",695,"UT Martin",2879,"Lexi Rubel","Freshman","Cape Girardeau, Mo.",NA,"Notre Dame HS","6'1""","G/F","12","https://www.utmsports.com/sports/womens-basketball/roster/lexi-rubel/2879","2022-23","Freshman",0
"63",695,"UT Martin",2876,"Clara Garland","Freshman","Iuka, Miss.",NA,"Tishomingo County HS","6'5""","C","14","https://www.utmsports.com/sports/womens-basketball/roster/clara-garland/2876","2022-23","Freshman",0
"64",695,"UT Martin",2877,"Haley Hallett","Freshman","Savannah, Tenn.",NA,"Hardin County HS","6'1""","F","20","https://www.utmsports.com/sports/womens-basketball/roster/haley-hallett/2877","2022-23","Freshman",0
"65",695,"UT Martin",2875,"Sharnecce Currie-Jelks","Freshman","Jackson, Tenn.",NA,"Southside HS","6'2""","F","23","https://www.utmsports.com/sports/womens-basketball/roster/sharnecce-currie-jelks/2875","2022-23","Freshman",0
"66",695,"UT Martin",2871,"Paige Pipkin","Graduate Student","Henderson, Tenn.",NA,"Chester County HS","5'10""","G","25","https://www.utmsports.com/sports/womens-basketball/roster/paige-pipkin/2871","2022-23","Graduate Student",0
"67",695,"UT Martin",2880,"Josie Storey","Freshman","Mountain View, Ark.",NA,"Mountain View HS","5'10""","G","33","https://www.utmsports.com/sports/womens-basketball/roster/josie-storey/2880","2022-23","Freshman",0
"68",695,"UT Martin",2878,"Kenley McCarn","Freshman","Melbourne, Ark.",NA,"Melbourne HS","5'11""","G/F","44","https://www.utmsports.com/sports/womens-basketball/roster/kenley-mccarn/2878","2022-23","Freshman",0
"69",101,"CSUN",5588,"Jordyn Jackson","Graduate Student","Moreno Valley, CA",NA,"Valley View HS","5'4""","G","1","https://www.gomatadors.com/sports/womens-basketball/roster/jordyn-jackson/5588","2022-23","Graduate Student",0
"70",101,"CSUN",5590,"Olivia   Smith","Redshirt Junior","Las Vegas, NV",NA,"Bishop Gorman HS","6'1""","F","11","https://www.gomatadors.com/sports/womens-basketball/roster/olivia-smith/5590","2022-23","Junior",1
"71",101,"CSUN",5592,"Anaiyah  Tu'ua","Redshirt Sophomore","Anaheim, CA",NA,"Troy HS","5'9""","G","21","https://www.gomatadors.com/sports/womens-basketball/roster/anaiyah-tu-ua/5592","2022-23","Sophomore",1
"72",101,"CSUN",5589,"Macy Smith","Sophomore","Blaine, MN",NA,"Spring Lake Park HS","5'10""","G","24","https://www.gomatadors.com/sports/womens-basketball/roster/macy-smith/5589","2022-23","Sophomore",0
"73",101,"CSUN",5591,"Kayanna Spriggs","Sophomore","San Diego, CA",NA,"Mater Dei Catholic HS","6'2""","F","34","https://www.gomatadors.com/sports/womens-basketball/roster/kayanna-spriggs/5591","2022-23","Sophomore",0
"74",1015,"Christian Brothers",3700,"Darcy Doran","Senior","Franklin, Tenn.",NA,"Franklin HS","5'10""","Guard","0","https://www.cbubucs.com/sports/womens-basketball/roster/darcy-doran/3700","2022-23","Senior",0
"75",1015,"Christian Brothers",3705,"Braylee McMath","Sophomore","Georgetown, Ky.",NA,"Great Crossing HS","5'3""","Guard","5","https://www.cbubucs.com/sports/womens-basketball/roster/braylee-mcmath/3705","2022-23","Sophomore",0
"76",1015,"Christian Brothers",3696,"Karlee Bates","Junior","Arlington, Tenn.",NA,"Arlington HS","5'7""","Guard","12","https://www.cbubucs.com/sports/womens-basketball/roster/karlee-bates/3696","2022-23","Junior",0
"77",1015,"Christian Brothers",3706,"Jeremia Montgomery","Sophomore","Gallatin, Tenn.",NA,"Gallatin HS","6'0""","Forward","13","https://www.cbubucs.com/sports/womens-basketball/roster/jeremia-montgomery/3706","2022-23","Sophomore",0
"78",1015,"Christian Brothers",3698,"Chloe  Crawford","Sophomore","Toldeo, Ohio",NA,"Central Catholic HS","5'6""","Guard","14","https://www.cbubucs.com/sports/womens-basketball/roster/chloe-crawford/3698","2022-23","Sophomore",0
"79",1015,"Christian Brothers",3709,"Sophie Roston","Sophomore","Brentwood, Tenn.",NA,"Brentwood HS","6'2""","Forward","40","https://www.cbubucs.com/sports/womens-basketball/roster/sophie-roston/3709","2022-23","Sophomore",0
"80",1015,"Christian Brothers",3699,"Bailey Cummings","Junior","Columbus, Ohio",NA,"Olentangy HS","5'10""","Forward","42","https://www.cbubucs.com/sports/womens-basketball/roster/bailey-cummings/3699","2022-23","Junior",0
"81",1123,"Henderson St.",5334,"Sonni Martin","Redshirt Junior","Jonesboro, Arkansas",NA,"Jonesboro HS","5'8""","Guard","1","https://www.hsusports.com/sports/womens-basketball/roster/sonni-martin/5334","2022-23","Junior",1
"82",1123,"Henderson St.",5337,"Jadah Pickens","Junior","Conway, Arkansas",NA,"Conway HS","5'6""","Guard","2","https://www.hsusports.com/sports/womens-basketball/roster/jadah-pickens/5337","2022-23","Junior",0
"83",1123,"Henderson St.",5336,"Eryka Patton","Sophomore","Denton, Texas",NA,"Lewisville HS","5'9""","Forward","3","https://www.hsusports.com/sports/womens-basketball/roster/eryka-patton/5336","2022-23","Sophomore",0
"84",1123,"Henderson St.",5332,"Ashley Farrar","Senior","Green Forest, Arkansas",NA,"Green Forest HS","5'11""","Guard","10","https://www.hsusports.com/sports/womens-basketball/roster/ashley-farrar/5332","2022-23","Senior",0
"85",1123,"Henderson St.",5338,"Gracie Raby","Senior","Mount Vernon, Arkansas",NA,"Mount Vernon-Enola HS","5'6""","Guard","21","https://www.hsusports.com/sports/womens-basketball/roster/gracie-raby/5338","2022-23","Senior",0
"86",1123,"Henderson St.",5339,"Tamia Templeton","Senior","Morrilton, Arkansas",NA,"Morrilton HS","5'10""","Forward","31","https://www.hsusports.com/sports/womens-basketball/roster/tamia-templeton/5339","2022-23","Senior",0
"87",1123,"Henderson St.",5335,"Alee McClendon","Sophomore","Stephenville, Texas",NA,"Stephenville HS","5'11""","Forward","32","https://www.hsusports.com/sports/womens-basketball/roster/alee-mcclendon/5335","2022-23","Sophomore",0
"88",1123,"Henderson St.",5330,"Bobbi Bazzle","Sophomore","The Woodlands, Texas",NA,"College Park HS","6'0""","Forward","33","https://www.hsusports.com/sports/womens-basketball/roster/bobbi-bazzle/5330","2022-23","Sophomore",0
"89",1167,"Lander",6595,"Terryauna Griffin","Freshman","Knoxville, Tenn.",NA,"South Doyle HS","5'7""","Guard","1","https://www.landerbearcats.com/sports/womens-basketball/roster/terryauna-griffin/6595","2022-23","Freshman",0
"90",1167,"Lander",6597,"Jasmine Grant","Freshman","Summerville, S.C.",NA,"Summerville HS","6'0""","Forward","15","https://www.landerbearcats.com/sports/womens-basketball/roster/jasmine-grant/6597","2022-23","Freshman",0
"91",1167,"Lander",6598,"Karisa Bush","Freshman","Warrenville, S.C.",NA,"Siver Bluff HS","5'10""","Guard","20","https://www.landerbearcats.com/sports/womens-basketball/roster/karisa-bush/6598","2022-23","Freshman",0
"92",1167,"Lander",6594,"Destiny Middleton","Freshman","Anderson, S.C.",NA,"Westside HS","5'9""","Guard","21","https://www.landerbearcats.com/sports/womens-basketball/roster/destiny-middleton/6594","2022-23","Freshman",0
"93",1167,"Lander",6593,"Quadaija Langley","Freshman","Travelers Rest, S.C.",NA,"Blue Ridge HS","5'7""","Guard","24","https://www.landerbearcats.com/sports/womens-basketball/roster/quadaija-langley/6593","2022-23","Freshman",0
"94",1174,"Limestone",16243,"Madison Clark","Sophomore","Kennesaw, Ga.",NA,"Kennesaw Mountain HS","6'1""","Center","2","https://www.golimestonesaints.com/sports/womens-basketball/roster/madison-clark/16243","2022-23","Sophomore",0
"95",1174,"Limestone",16241,"Quin Byrd","Senior","Greenville, S.C.",NA,"Hillcrest HS","5'5""","Guard","3","https://www.golimestonesaints.com/sports/womens-basketball/roster/quin-byrd/16241","2022-23","Senior",0
"96",1174,"Limestone",16240,"Kimbrie'l Barnes","Sophomore","Marion, S.C.",NA,"Marion HS","5'8""","Guard","10","https://www.golimestonesaints.com/sports/womens-basketball/roster/kimbrie-l-barnes/16240","2022-23","Sophomore",0
"97",1174,"Limestone",16251,"Brynn Tabeling","Sophomore","Tuscola, Ill.",NA,"Tuscola HS","5'4""","Guard","11","https://www.golimestonesaints.com/sports/womens-basketball/roster/brynn-tabeling/16251","2022-23","Sophomore",0
"98",1174,"Limestone",16348,"Amara  Newsom","Junior","Kennesaw, Ga.",NA,"Harrison HS","5'10""","Forward","12","https://www.golimestonesaints.com/sports/womens-basketball/roster/amara-newsom/16348","2022-23","Junior",0
"99",1174,"Limestone",16248,"Reagan Kargo","Junior","Summerfield, N.C.",NA,"Northwest Guilford HS","5'9""","Guard","15","https://www.golimestonesaints.com/sports/womens-basketball/roster/reagan-kargo/16248","2022-23","Junior",0
"100",1174,"Limestone",16246,"Kalisha Hill","Sophomore","Saluda, S.C.",NA,"Saluda HS","5'10""","Forward","20","https://www.golimestonesaints.com/sports/womens-basketball/roster/kalisha-hill/16246","2022-23","Sophomore",0
"101",1174,"Limestone",16252,"Charlotte Terry","Senior","Cape Coral, Fla.",NA,"Bishop Verot Catholic HS","6'1""","Center","22","https://www.golimestonesaints.com/sports/womens-basketball/roster/charlotte-terry/16252","2022-23","Senior",0
"102",1174,"Limestone",16249,"Reagan McCray","Graduate Student","Davie, Fla.",NA,"Archbishop Edward A. McCarthy HS","5'5""","Guard","24","https://www.golimestonesaints.com/sports/womens-basketball/roster/reagan-mccray/16249","2022-23","Graduate Student",0
"103",1174,"Limestone",16247,"Destiny Jackson","Senior","Severn, Md.",NA,"Meade HS","5'9""","Guard","32","https://www.golimestonesaints.com/sports/womens-basketball/roster/destiny-jackson/16247","2022-23","Senior",0
"104",12,"Alas. Fairbanks",3475,"Emma Wass","Junior","Manhattan, Montana",NA,"Manhattan HS","6'0""","Forward","5","https://www.alaskananooks.com/sports/womens-basketball/roster/emma-wass/3475","2022-23","Junior",0
"105",12,"Alas. Fairbanks",3471,"Caitlin  Pusich","Junior","Juneau, Alaska",NA,"Juneau HS","6'0""","Forward","11","https://www.alaskananooks.com/sports/womens-basketball/roster/caitlin-pusich/3471","2022-23","Junior",0
"106",12,"Alas. Fairbanks",3468,"Pearle Green","Sophomore","Galena, Alaska",NA,"Galena HS","5'7""","Guard","12","https://www.alaskananooks.com/sports/womens-basketball/roster/pearle-green/3468","2022-23","Sophomore",0
"107",12,"Alas. Fairbanks",3469,"Olivia  Kraska","Junior","Fairbanks, Alaska",NA,"Lathrop HS","6'1""","Forward","20","https://www.alaskananooks.com/sports/womens-basketball/roster/olivia-kraska/3469","2022-23","Junior",0
"108",12,"Alas. Fairbanks",3472,"Destiny Reimers","Sophomore","Anchorage, Alaska",NA,"Anchorage Christian HS","5'9""","Guard","22","https://www.alaskananooks.com/sports/womens-basketball/roster/destiny-reimers/3472","2022-23","Sophomore",0
"109",12,"Alas. Fairbanks",3474,"Sam Tolliver","Redshirt Sophomore","Seattle, Wash.",NA,"Garfield HS","5'8""","Guard","23","https://www.alaskananooks.com/sports/womens-basketball/roster/sam-tolliver/3474","2022-23","Sophomore",1
"110",12,"Alas. Fairbanks",3470,"Paola Perez-Mendoza","Sophomore","Bayamon, Puerto Rico",NA,"McClintock HS","5'5""","Guard","24","https://www.alaskananooks.com/sports/womens-basketball/roster/paola-perez-mendoza/3470","2022-23","Sophomore",0
"111",1257,"Newberry",7089,"Gabreyel Cook","Freshman","Harrisburg, N.C.",NA,"Hickory Ridge HS","5'6""","Guard","0","https://www.newberrywolves.com/sports/womens-basketball/roster/gabreyel-cook/7089","2022-23","Freshman",0
"112",1257,"Newberry",7091,"AC Yearick","Freshman","Lilburn, Ga.",NA,"Killian Hill Christian HS","5'8""","Guard","5","https://www.newberrywolves.com/sports/womens-basketball/roster/ac-yearick/7091","2022-23","Freshman",0
"113",1257,"Newberry",7092,"Gracie Wilson","Freshman","Rock Hill, S.C.",NA,"Rock Hill HS","5'5""","Guard","10","https://www.newberrywolves.com/sports/womens-basketball/roster/gracie-wilson/7092","2022-23","Freshman",0
"114",1257,"Newberry",7082,"Reagan Rozier","Sophomore","Lexington, SC",NA,"River Bluff HS","5'11""","Forward","11","https://www.newberrywolves.com/sports/womens-basketball/roster/reagan-rozier/7082","2022-23","Sophomore",0
"115",1257,"Newberry",7077,"Dyani Burke","Junior","Columbia, SC",NA,"WJ Kennan HS","5'7""","Guard","22","https://www.newberrywolves.com/sports/womens-basketball/roster/dyani-burke/7077","2022-23","Junior",0
"116",1257,"Newberry",7086,"Grace Webb","Senior","Lexington, SC",NA,"White Knoll HS","5'11""","Center","24","https://www.newberrywolves.com/sports/womens-basketball/roster/grace-webb/7086","2022-23","Senior",0
"117",1257,"Newberry",7088,"Destiny Worthy","Redshirt Freshman","Chester, SC",NA,"Clover HS","6'0""","Guard/Forward","25","https://www.newberrywolves.com/sports/womens-basketball/roster/destiny-worthy/7088","2022-23","Freshman",1
"118",1257,"Newberry",7078,"Payton Cronen","Junior","Louisville, KY",NA,"Assumption HS","5'7""","Guard","31","https://www.newberrywolves.com/sports/womens-basketball/roster/payton-cronen/7078","2022-23","Junior",0
"119",1257,"Newberry",7087,"Ericka Wiseley","Redshirt Senior","Mt. Pleasant, SC",NA,"Wando HS","6'2""","Center","35","https://www.newberrywolves.com/sports/womens-basketball/roster/ericka-wiseley/7087","2022-23","Senior",1
"120",1305,"Cairn",3838,"Dreyonna Graham","Freshman","Morrisville, PA",NA,"Morrisville HS","5'6""","G","3","https://www.cairnhighlanders.com/sports/womens-basketball/roster/dreyonna-graham/3838","2022-23","Freshman",0
"121",1305,"Cairn",3834,"Kailee Sobrino","Sophomore","Tucson, AZ",NA,"Empire HS","5'5""","G","10","https://www.cairnhighlanders.com/sports/womens-basketball/roster/kailee-sobrino/3834","2022-23","Sophomore",0
"122",1305,"Cairn",3840,"Kyla Reciniello","Junior","Robbinsville, NJ",NA,"Robbinsville HS","5'10""","F","22","https://www.cairnhighlanders.com/sports/womens-basketball/roster/kyla-reciniello/3840","2022-23","Junior",0
"123",1305,"Cairn",3832,"Taylor Hinson","Sophomore","Carney's Point, NJ",NA,"Collingswood HS","6'1""","F","24","https://www.cairnhighlanders.com/sports/womens-basketball/roster/taylor-hinson/3832","2022-23","Sophomore",0
"124",1305,"Cairn",3841,"Kaitlyn Barry","Freshman","Brick, NJ",NA,"Brick Memorial HS","5'9""","F","34","https://www.cairnhighlanders.com/sports/womens-basketball/roster/kaitlyn-barry/3841","2022-23","Freshman",0
"125",1343,"Saint Martin's",4775,"Lilly Koki","Freshman","Waianae, HI",NA,"Maryknoll HS","5'8""","Guard","2","https://www.smusaints.com/sports/womens-basketball/roster/lilly-koki/4775","2022-23","Freshman",0
"126",1343,"Saint Martin's",4777,"Avery Oaster","Freshman","Golden, CO",NA,"Green Mountain HS","6'0""","Forward","3","https://www.smusaints.com/sports/womens-basketball/roster/avery-oaster/4777","2022-23","Freshman",0
"127",1343,"Saint Martin's",5020,"Iternite Reed","Sophomore","Santa Monica, CA",NA,"Santa Monica HS","5'10""","Forward","10","https://www.smusaints.com/sports/womens-basketball/roster/iternite-reed/5020","2022-23","Sophomore",0
"128",1343,"Saint Martin's",5022,"Janealle Sutterlict","Junior","Toppenish, WA",NA,"Wapato HS","5'9""","Guard","13","https://www.smusaints.com/sports/womens-basketball/roster/janealle-sutterlict/5022","2022-23","Junior",0
"129",1343,"Saint Martin's",4912,"Mya Hatchett-Groce","Freshman","Kennewick, WA",NA,"Pasco HS","5'7""","Guard","14","https://www.smusaints.com/sports/womens-basketball/roster/mya-hatchett-groce/4912","2022-23","Freshman",0
"130",1343,"Saint Martin's",4781,"Sarah Lamet","Freshman","Tigard, OR",NA,"Tigard HS","6'4""","Forward","15","https://www.smusaints.com/sports/womens-basketball/roster/sarah-lamet/4781","2022-23","Freshman",0
"131",1343,"Saint Martin's",4767,"Kiana Rios","Freshman","Warden, WA",NA,"Warden HS","5'9""","Guard","20","https://www.smusaints.com/sports/womens-basketball/roster/kiana-rios/4767","2022-23","Freshman",0
"132",1343,"Saint Martin's",5015,"Rian Clear","Sophomore","Pullman, WA",NA,"Walla Walla HS","5'10""","Forward","22","https://www.smusaints.com/sports/womens-basketball/roster/rian-clear/5015","2022-23","Sophomore",0
"133",1343,"Saint Martin's",5021,"Leah Sopak","Sophomore","Orinda, CA",NA,"Miramonte HS","5'7""","Guard","23","https://www.smusaints.com/sports/womens-basketball/roster/leah-sopak/5021","2022-23","Sophomore",0
"134",1343,"Saint Martin's",5017,"Chenoa Louie","Sophomore","Ephrata, WA",NA,"Royal HS","5'11""","Forward","24","https://www.smusaints.com/sports/womens-basketball/roster/chenoa-louie/5017","2022-23","Sophomore",0
"135",1343,"Saint Martin's",4923,"Madelyn Brown","Freshman","Auburn, WA",NA,"Auburn HS","5'8""","Guard","25","https://www.smusaints.com/sports/womens-basketball/roster/madelyn-brown/4923","2022-23","Freshman",0
"136",1343,"Saint Martin's",5019,"Emily Nelson","Junior","Mead, WA",NA,"Mt. Spokane HS","6'1""","Center","30","https://www.smusaints.com/sports/womens-basketball/roster/emily-nelson/5019","2022-23","Junior",0
"137",1343,"Saint Martin's",5018,"Lauryn Morris","Redshirt Sophomore","Irvine, CA",NA,"Saint Anthony HS","5'8""","Guard","44","https://www.smusaints.com/sports/womens-basketball/roster/lauryn-morris/5018","2022-23","Sophomore",1
"138",1371,"Southeastern Okla.",4406,"Grace Alverson","Sophomore","Argyle, Texas",NA,"Liberty Christian HS","5'5""","G","3","https://www.gosoutheastern.com/sports/womens-basketball/roster/grace-alverson/4406","2022-23","Sophomore",0
"139",1371,"Southeastern Okla.",4409,"Kamryn Cantwell","Senior","Bowie, TX",NA,"Bowie HS","5'8""","G","5","https://www.gosoutheastern.com/sports/womens-basketball/roster/kamryn-cantwell/4409","2022-23","Senior",0
"140",1371,"Southeastern Okla.",4405,"Aimee Alverson","Sophomore","Argyle, Texas",NA,"Liberty Christian HS","5'4""","G","10","https://www.gosoutheastern.com/sports/womens-basketball/roster/aimee-alverson/4405","2022-23","Sophomore",0
"141",1371,"Southeastern Okla.",4607,"Lauryn Scalice","Freshman","Bethany, Okla.",NA,"Bethany HS","5'8""","G","11","https://www.gosoutheastern.com/sports/womens-basketball/roster/lauryn-scalice/4607","2022-23","Freshman",0
"142",1371,"Southeastern Okla.",4411,"Briley Moon","Senior","Martin's Mill, Texas",NA,"Martin's Mill HS","5'6""","G","13","https://www.gosoutheastern.com/sports/womens-basketball/roster/briley-moon/4411","2022-23","Senior",0
"143",1371,"Southeastern Okla.",4407,"Lauren Beason","Sophomore","Lexington, Okla.",NA,"Lexington HS","5'11""","G","14","https://www.gosoutheastern.com/sports/womens-basketball/roster/lauren-beason/4407","2022-23","Sophomore",0
"144",1371,"Southeastern Okla.",4410,"Caitlin Kobiske","Sophomore","Keller, Texas",NA,"Central HS","5'10""","F","15","https://www.gosoutheastern.com/sports/womens-basketball/roster/caitlin-kobiske/4410","2022-23","Sophomore",0
"145",1371,"Southeastern Okla.",4413,"Kentoya Woods","Sophomore","Brownsboro, Texas",NA,"Brownsboro HS","5'10""","F","20","https://www.gosoutheastern.com/sports/womens-basketball/roster/kentoya-woods/4413","2022-23","Sophomore",0
"146",1371,"Southeastern Okla.",4412,"Avri Weeks","Redshirt Freshman","Kingston, Okla.",NA,"Kingston HS","6'0""","F","21","https://www.gosoutheastern.com/sports/womens-basketball/roster/avri-weeks/4412","2022-23","Freshman",1
"147",1371,"Southeastern Okla.",4609,"Tiffany Liddie","Freshman","Rockwall, Texas",NA,"Heath HS","5'9""","G","22","https://www.gosoutheastern.com/sports/womens-basketball/roster/tiffany-liddie/4609","2022-23","Freshman",0
"148",1371,"Southeastern Okla.",4610,"Abbie Barr","Freshman","Decatur, Texas",NA,"Decatur HS","5'7""","G","23","https://www.gosoutheastern.com/sports/womens-basketball/roster/abbie-barr/4610","2022-23","Freshman",0
"149",1371,"Southeastern Okla.",4408,"Maci Bookout","Sophomore","Royse City, Texas",NA,"Royse City HS","5'6""","G","24","https://www.gosoutheastern.com/sports/womens-basketball/roster/maci-bookout/4408","2022-23","Sophomore",0
"150",1371,"Southeastern Okla.",4613,"Allie Buchanan","Freshman","Lake Dallas, Texas",NA,"Lake Dallas HS","6'1""","F","32","https://www.gosoutheastern.com/sports/womens-basketball/roster/allie-buchanan/4613","2022-23","Freshman",0
"151",1371,"Southeastern Okla.",4614,"MaKenna Walker","Freshman","Princeton, Texas",NA,"Princeton HS","5'8""","G","33","https://www.gosoutheastern.com/sports/womens-basketball/roster/makenna-walker/4614","2022-23","Freshman",0
"152",228,"Florida A&M",3571,"Mikyah Mack","Senior","Ocean Springs, Miss.",NA,"Ocean Springs HS","6'0""","Forward","12","https://www.famuathletics.com/sports/womens-basketball/roster/mikyah-mack/3571","2022-23","Senior",0
"153",228,"Florida A&M",3563,"Staysha Allen","Senior","Dawson, Ga.",NA,"Terrell County HS","5'11""","Forward","22","https://www.famuathletics.com/sports/womens-basketball/roster/staysha-allen/3563","2022-23","Senior",0
"154",228,"Florida A&M",3570,"Caylan Jones","Senior","Tallahassee, Fla.",NA,"North Florida Christian HS","5'8""","Guard","25","https://www.famuathletics.com/sports/womens-basketball/roster/caylan-jones/3570","2022-23","Senior",0
"155",25,"Angelo St.",7473,"Landry Morrow","Freshman","Ackerly, Texas",NA,"Sands HS","5'8""","Guard","00","https://www.angelosports.com/sports/womens-basketball/roster/landry-morrow/7473","2022-23","Freshman",0
"156",25,"Angelo St.",7468,"Madisen  Honea","Sophomore","Copperas Cove, Texas",NA,"Copperas Cove HS","5'7""","Guard","1","https://www.angelosports.com/sports/womens-basketball/roster/madisen-honea/7468","2022-23","Sophomore",0
"157",25,"Angelo St.",7474,"Briley Merket","Freshman","Canadian, Texas",NA,"Canadian HS","5'11""","Guard","3","https://www.angelosports.com/sports/womens-basketball/roster/briley-merket/7474","2022-23","Freshman",0
"158",25,"Angelo St.",7475,"Abbie Crow","Freshman","Lubbock, Texas",NA,"Lubbock Christian HS","5'9""","Guard","4","https://www.angelosports.com/sports/womens-basketball/roster/abbie-crow/7475","2022-23","Freshman",0
"159",25,"Angelo St.",7469,"Sawyer Lloyd","Junior","Wall, Texas",NA,"Wall HS","5'9""","Guard","10","https://www.angelosports.com/sports/womens-basketball/roster/sawyer-lloyd/7469","2022-23","Junior",0
"160",25,"Angelo St.",7472,"Madeline Stephens","Sophomore","Lubbock, Texas",NA,"Lubbock Monterey HS","6'1""","Forward","12","https://www.angelosports.com/sports/womens-basketball/roster/madeline-stephens/7472","2022-23","Sophomore",0
"161",25,"Angelo St.",7476,"Keniah Williams","Freshman","Georgetown, Texas",NA,"Georgetown HS","6'4""","Center","13","https://www.angelosports.com/sports/womens-basketball/roster/keniah-williams/7476","2022-23","Freshman",0
"162",25,"Angelo St.",7464,"Brighton Adams","Sophomore","San Saba, Texas",NA,"San Saba HS","5'6""","Guard","14","https://www.angelosports.com/sports/womens-basketball/roster/brighton-adams/7464","2022-23","Sophomore",0
"163",25,"Angelo St.",7477,"Kenslee Konarik","Freshman","Salado, Texas",NA,"Salado HS","6'1""","Forward","15","https://www.angelosports.com/sports/womens-basketball/roster/kenslee-konarik/7477","2022-23","Freshman",0
"164",25,"Angelo St.",7466,"Kyla Cobb","Sophomore","Canyon, Texas",NA,"Canyon HS","5'6""","Guard","21","https://www.angelosports.com/sports/womens-basketball/roster/kyla-cobb/7466","2022-23","Sophomore",0
"165",25,"Angelo St.",7478,"Olivia Pedigo","Freshman","Bells, Texas",NA,"Bells HS","6'0""","Forward","22","https://www.angelosports.com/sports/womens-basketball/roster/olivia-pedigo/7478","2022-23","Freshman",0
"166",25,"Angelo St.",7479,"Alexandra Bednarczyk","Freshman","Baldwinsville, NY",NA,"Charles W. Baker HS","6'0""","Forward","24","https://www.angelosports.com/sports/womens-basketball/roster/alexandra-bednarczyk/7479","2022-23","Freshman",0
"167",294,"Idaho St.",7387,"Carsyn  Boswell","Senior","Carlsbad, New Mexico",NA,"Carlsbad HS","5'8""","Guard","11","https://www.isubengals.com/sports/womens-basketball/roster/carsyn-boswell/7387","2022-23","Senior",0
"168",30,"Arkansas St.",5704,"Jade Upshaw","Sophomore","Sapulpa, Okla.",NA,"Kellyville HS","5'7""","Guard","0","https://www.astateredwolves.com/sports/womens-basketball/roster/jade-upshaw/5704","2022-23","Sophomore",0
"169",30,"Arkansas St.",5700,"Leilani Augmon","Redshirt Sophomore","San Jose, Calif.",NA,"Silver Creek HS / Salt Lake CC","5'11""","Guard/Foward","2","https://www.astateredwolves.com/sports/womens-basketball/roster/leilani-augmon/5700","2022-23","Sophomore",1
"170",30,"Arkansas St.",5702,"Keya Patton","Senior","Indianapolis, Ind.",NA,"Cathedral HS / Wabash Valley College / Auburn","5'7""","Guard","10","https://www.astateredwolves.com/sports/womens-basketball/roster/keya-patton/5702","2022-23","Senior",0
"171",30,"Arkansas St.",5705,"Mailyn Wilkerson","Sophomore","Houston, Texas",NA,"Summer Creek HS / Trinity Valley CC","5'6""","Guard","11","https://www.astateredwolves.com/sports/womens-basketball/roster/mailyn-wilkerson/5705","2022-23","Sophomore",0
"172",30,"Arkansas St.",5706,"Jada Williams","Redshirt Freshman","Union City, Tenn.",NA,"Union City HS","6'0""","Forward","14","https://www.astateredwolves.com/sports/womens-basketball/roster/jada-williams/5706","2022-23","Freshman",1
"173",30,"Arkansas St.",5703,"Lauryn Pendleton","Sophomore","Little Rock, Ark.",NA,"Little Rock Central HS","5'9""","Guard","24","https://www.astateredwolves.com/sports/womens-basketball/roster/lauryn-pendleton/5703","2022-23","Sophomore",0
"174",30,"Arkansas St.",5701,"Kiayra Ellis","Sophomore","Shreveport, La.",NA,"Captain Shreve HS","6'0""","Forward","30","https://www.astateredwolves.com/sports/womens-basketball/roster/kiayra-ellis/5701","2022-23","Sophomore",0
"175",30028,"Texas-Tyler",5637,"Mariah Neal","Freshman","Nacogdoches, Texas",NA,"Douglass HS","5'7""","G","12","https://www.uttylerpatriots.com/sports/womens-basketball/roster/mariah-neal/5637","2022-23","Freshman",0
"176",30028,"Texas-Tyler",5644,"Madyson Tate","Freshman","Gilmer, Texas",NA,"Gilmer HS","6'0""","G/F","23","https://www.uttylerpatriots.com/sports/womens-basketball/roster/madyson-tate/5644","2022-23","Freshman",0
"177",30092,"Flagler",9003,"Miracle Parker","Redshirt Freshman","Sandersville, Ga.",NA,"Washington County HS","5'8""","Guard","0","https://www.flaglerathletics.com/sports/womens-basketball/roster/miracle-parker/9003","2022-23","Freshman",1
"178",30092,"Flagler",9002,"Sharale McCormick","Sophomore","North Lauderdale, Fla.",NA,"Cardinal Gibbons HS","5'10""","Guard","3","https://www.flaglerathletics.com/sports/womens-basketball/roster/sharale-mccormick/9002","2022-23","Sophomore",0
"179",30092,"Flagler",8999,"Beka Benge","Sophomore","St. Cloud, Fla.",NA,"St. Cloud HS","5'5""","Guard","4","https://www.flaglerathletics.com/sports/womens-basketball/roster/beka-benge/8999","2022-23","Sophomore",0
"180",30092,"Flagler",9005,"Amuk Tong","Sophomore","Jacksonville, Fla.",NA,"Bishop Kenny HS","6'0""","Center","24","https://www.flaglerathletics.com/sports/womens-basketball/roster/amuk-tong/9005","2022-23","Sophomore",0
"181",30092,"Flagler",9008,"Laney Noreika","Freshman","Newville, Pa.",NA,"Big Spring HS","6'0""","Forward","25","https://www.flaglerathletics.com/sports/womens-basketball/roster/laney-noreika/9008","2022-23","Freshman",0
"182",30092,"Flagler",9006,"Sophie VanDyke","Redshirt Sophomore","Holland, Mich.",NA,"Holland HS","6'0""","Forward/Center","30","https://www.flaglerathletics.com/sports/womens-basketball/roster/sophie-vandyke/9006","2022-23","Sophomore",1
"183",30092,"Flagler",9007,"Maddie Erickson","Freshman","Cumming, Ga.",NA,"North Forsyth HS","6'1""","Center","32","https://www.flaglerathletics.com/sports/womens-basketball/roster/maddie-erickson/9007","2022-23","Freshman",0
"184",30093,"AUM",3057,"Jamya Tyus","Junior","Bessemer, Ala.",NA,"McAdory HS","5'7""","G","0","https://www.aumathletics.com/sports/womens-basketball/roster/jamya-tyus/3057","2022-23","Junior",0
"185",30093,"AUM",3055,"Monika Johnson","Senior","Birmingham, Ala.",NA,"Clay-Chalkville HS","5'7""","G","5","https://www.aumathletics.com/sports/womens-basketball/roster/monika-johnson/3055","2022-23","Senior",0
"186",30153,"Union (TN)",2480,"Bailey Augustine","Sophomore","Black Rock, Ark.",NA,"Lawrence County HS","5'11""","Guard","11","https://www.uuathletics.com/sports/womens-basketball/roster/bailey-augustine/2480","2022-23","Sophomore",0
"187",30153,"Union (TN)",2490,"Shylee Morrison","Sophomore","Gravette, Ark.",NA,"Gravette HS","5'6""","Guard","15","https://www.uuathletics.com/sports/womens-basketball/roster/shylee-morrison/2490","2022-23","Sophomore",0
"188",30153,"Union (TN)",2491,"Kieli Robinson","Senior","Paris, Ark.",NA,"Paris HS","6'0""","Guard/Forward","22","https://www.uuathletics.com/sports/womens-basketball/roster/kieli-robinson/2491","2022-23","Senior",0
"189",30153,"Union (TN)",2481,"Leah Cauble","Senior","Oran, Missouri",NA,"Oran HS","5'10""","Guard","32","https://www.uuathletics.com/sports/womens-basketball/roster/leah-cauble/2481","2022-23","Senior",0
"190",30174,"Daemen",5420,"Maddy Stearns","Redshirt Junior","Clarence, N.Y.",NA,"Clarence HS","5'7""","Guard","2","https://www.daemenwildcats.com/sports/womens-basketball/roster/maddy-stearns/5420","2022-23","Junior",1
"191",30174,"Daemen",5419,"Alahna Paige","Junior","Rochester, N.Y.",NA,"Irondequoit HS","5'4""","Guard","3","https://www.daemenwildcats.com/sports/womens-basketball/roster/alahna-paige/5419","2022-23","Junior",0
"192",30174,"Daemen",5424,"Kayla Campbell","Freshman","Franklin, N.Y.",NA,"Franklin Central HS","5'10""","Guard","4","https://www.daemenwildcats.com/sports/womens-basketball/roster/kayla-campbell/5424","2022-23","Freshman",0
"193",30174,"Daemen",5423,"Claire Pikett","Freshman","Holland, N.Y.",NA,"Holland HS","6'0""","Guard/Forward","12","https://www.daemenwildcats.com/sports/womens-basketball/roster/claire-pikett/5423","2022-23","Freshman",0
"194",30174,"Daemen",5418,"Kaytlyn Matz","Junior","Johnsburg, Ill.",NA,"Carmel Catholic HS","6'0""","Guard","13","https://www.daemenwildcats.com/sports/womens-basketball/roster/kaytlyn-matz/5418","2022-23","Junior",0
"195",30174,"Daemen",5425,"Macie Trimarchi","Freshman","Colonie, N.Y.",NA,"Colonie Central HS","5'10""","Guard","14","https://www.daemenwildcats.com/sports/womens-basketball/roster/macie-trimarchi/5425","2022-23","Freshman",0
"196",30174,"Daemen",5416,"Mickayla Ivy","Fifth Year","Grand Rapids, Mich.",NA,"East Grand Rapids HS","5'10""","Forward","15","https://www.daemenwildcats.com/sports/womens-basketball/roster/mickayla-ivy/5416","2022-23","Fifth Year",0
"197",30174,"Daemen",5414,"Alina Estrella","Redshirt Junior","Brooklyn, N.Y.",NA,"James Madison HS","5'6""","Guard","20","https://www.daemenwildcats.com/sports/womens-basketball/roster/alina-estrella/5414","2022-23","Junior",1
"198",30174,"Daemen",5413,"Natalie Angeletti","Junior","Panama, N.Y.",NA,"Panama Central HS","6'0""","Forward","24","https://www.daemenwildcats.com/sports/womens-basketball/roster/natalie-angeletti/5413","2022-23","Junior",0
"199",30174,"Daemen",5415,"Gina Fumerelle","Redshirt Junior","Amherst, N.Y.",NA,"Sweet Home HS","6'1""","Forward","32","https://www.daemenwildcats.com/sports/womens-basketball/roster/gina-fumerelle/5415","2022-23","Junior",1
"200",30174,"Daemen",5417,"Marina Maerkl","Senior","Binghamton, N.Y.",NA,"Seton Catholic HS","6'0""","Forward","55","https://www.daemenwildcats.com/sports/womens-basketball/roster/marina-maerkl/5417","2022-23","Senior",0
"201",30180,"Rogers St.",4050,"Tangee Gagau","Freshman","Oklahoma City, Okla.",NA,"Northwest Classen HS","5'7""","G","5","https://www.rsuhillcats.com/sports/womens-basketball/roster/tangee-gagau/4050","2022-23","Freshman",0
"202",30180,"Rogers St.",4051,"Kaya Goldsby","Freshman","Springfield, Mo.",NA,"Kickapoo HS","5'7""","G","10","https://www.rsuhillcats.com/sports/womens-basketball/roster/kaya-goldsby/4051","2022-23","Freshman",0
"203",30180,"Rogers St.",4044,"Alyche Brown","Senior","Leavenworth, Kan.",NA,"Leavenworth HS","5'7""","G","11","https://www.rsuhillcats.com/sports/womens-basketball/roster/alyche-brown/4044","2022-23","Senior",0
"204",30180,"Rogers St.",4045,"Kylee Day","Sophomore","Inola, Okla.",NA,"Inola HS","6'2""","F","21","https://www.rsuhillcats.com/sports/womens-basketball/roster/kylee-day/4045","2022-23","Sophomore",0
"205",30180,"Rogers St.",4046,"Bailey Kliewer","Senior","Harrisonville, Mo.",NA,"Harrisonville HS","5'10""","F","25","https://www.rsuhillcats.com/sports/womens-basketball/roster/bailey-kliewer/4046","2022-23","Senior",0
"206",30198,"Cal St. San Marcos",6453,"Kelsey Forrester","Redshirt Senior","Davis, Calif.",NA,"Davis Senior HS","5'7""","Guard","2","https://www.csusmcougars.com/sports/womens-basketball/roster/kelsey-forrester/6453","2022-23","Senior",1
"207",30198,"Cal St. San Marcos",6455,"Natalie  Nicolosi","Redshirt Junior","Pittsburg, Calif.",NA,"Carondelet HS","5'8""","Guard","4","https://www.csusmcougars.com/sports/womens-basketball/roster/natalie-nicolosi/6455","2022-23","Junior",1
"208",30198,"Cal St. San Marcos",6454,"Kayden Korst","Redshirt Junior","San Anselmo, Calif.",NA,"San Domenico HS","5'8""","Guard","11","https://www.csusmcougars.com/sports/womens-basketball/roster/kayden-korst/6454","2022-23","Junior",1
"209",30198,"Cal St. San Marcos",6461,"Alina Tran","Freshman","San Marcos, Calif.",NA,"Mission Hills HS","6'0""","Forward","21","https://www.csusmcougars.com/sports/womens-basketball/roster/alina-tran/6461","2022-23","Freshman",0
"210",30198,"Cal St. San Marcos",6450,"Dynnah Buckner","Redshirt Senior","Rialto, Calif.",NA,"Los Osos HS","5'8""","Guard","32","https://www.csusmcougars.com/sports/womens-basketball/roster/dynnah-buckner/6450","2022-23","Senior",1
"211",30198,"Cal St. San Marcos",6449,"Deannah Buckner","Sophomore","Rialto, Calif.",NA,"Los Osos HS","5'7""","Guard","33","https://www.csusmcougars.com/sports/womens-basketball/roster/deannah-buckner/6449","2022-23","Sophomore",0
"212",30202,"Okla. Baptist",7389,"Azariah  Jackson","Freshman","Lawton, OK",NA,"MacArthur HS","5'6""","G","2","https://www.obubison.com/sports/womens-basketball/roster/azariah-jackson/7389","2022-23","Freshman",0
"213",30202,"Okla. Baptist",7388,"Faith Wright","Freshman","Dale, OK",NA,"Dale HS","5'6""","G","5","https://www.obubison.com/sports/womens-basketball/roster/faith-wright/7388","2022-23","Freshman",0
"214",30202,"Okla. Baptist",7380,"Madison Chambers","Senior","Muldrow, OK",NA,"Muldrow HS","5'11""","G","11","https://www.obubison.com/sports/womens-basketball/roster/madison-chambers/7380","2022-23","Senior",0
"215",30202,"Okla. Baptist",7385,"Chloe Poole","Sophomore","Ponder, TX",NA,"Ponder HS","5'10""","G","12","https://www.obubison.com/sports/womens-basketball/roster/chloe-poole/7385","2022-23","Sophomore",0
"216",30202,"Okla. Baptist",7387,"Melissa  Southard","Senior","Elk City, OK",NA,"Elk City HS","5'11""","F","15","https://www.obubison.com/sports/womens-basketball/roster/melissa-southard/7387","2022-23","Senior",0
"217",30202,"Okla. Baptist",7384,"Jill Leslie","Sophomore","Wichita Falls, TX",NA,"Rider HS","6'3""","F","21","https://www.obubison.com/sports/womens-basketball/roster/jill-leslie/7384","2022-23","Sophomore",0
"218",30202,"Okla. Baptist",7382,"Kayla Highfill","Sophomore","Amorita, OK",NA,"Alva HS","6'0""","Guard","22","https://www.obubison.com/sports/womens-basketball/roster/kayla-highfill/7382","2022-23","Sophomore",0
"219",30202,"Okla. Baptist",7383,"Kennedy Large","Sophomore","Byng, OK",NA,"Byng HS","6'0""","F","23","https://www.obubison.com/sports/womens-basketball/roster/kennedy-large/7383","2022-23","Sophomore",0
"220",30202,"Okla. Baptist",7391,"Hannah Smith","Freshman","Choctaw, OK",NA,"Choctaw HS","5'11""","F","24","https://www.obubison.com/sports/womens-basketball/roster/hannah-smith/7391","2022-23","Freshman",0
"221",30202,"Okla. Baptist",7381,"Sierra Copeland","Sophomore","Howe, TX",NA,"Howe HS","6'3""","F","32","https://www.obubison.com/sports/womens-basketball/roster/sierra-copeland/7381","2022-23","Sophomore",0
"222",30202,"Okla. Baptist",7393,"Jaedyn Getman","Freshman","Stratford, OK",NA,"Stratford HS","6'2""","F","33","https://www.obubison.com/sports/womens-basketball/roster/jaedyn-getman/7393","2022-23","Freshman",0
"223",30202,"Okla. Baptist",7394,"Kamdyn Graves","Freshman","Joshua, TX",NA,"Joshua HS","6'1""","F","34","https://www.obubison.com/sports/womens-basketball/roster/kamdyn-graves/7394","2022-23","Freshman",0
"224",358,"West Alabama",7482,"Bria Dent","Senior","Birmingham, Ala.",NA,"Minor HS","5'9""","Guard/Forward","2","https://www.uwaathletics.com/sports/womens-basketball/roster/bria-dent/7482","2022-23","Senior",0
"225",358,"West Alabama",7485,"Jala Williams","Senior","Tallahassee, Fla.",NA,"Leon HS","5'5""","Guard","10","https://www.uwaathletics.com/sports/womens-basketball/roster/jala-williams/7485","2022-23","Senior",0
"226",358,"West Alabama",7484,"Zoe Watts","Senior","Birmingham, Ala.",NA,"Homewood HS","6'2""","Center","34","https://www.uwaathletics.com/sports/womens-basketball/roster/zoe-watts/7484","2022-23","Senior",0
"227",370,"Loyola Marymount",12353,"Aspyn Adams","Senior","COLBERT, WASH.",NA,"Mt. Spokane HS","5'8""","Guard","1","https://www.lmulions.com/sports/womens-basketball/roster/aspyn-adams/12353","2022-23","Senior",0
"228",370,"Loyola Marymount",12354,"SeQuoia Allmond","Sophomore","South Memphis, TN.",NA,"Whitehaven HS","5'5""","Guard","3","https://www.lmulions.com/sports/womens-basketball/roster/se-quoia-allmond/12354","2022-23","Sophomore",0
"229",370,"Loyola Marymount",12355,"Khari Clark","Senior","DENVER, COLO.",NA,"Thomas Jefferson, HS","6'2""","Forward/Center","34","https://www.lmulions.com/sports/womens-basketball/roster/khari-clark/12355","2022-23","Senior",0
"230",40,"Augustana (IL)",9879,"Presley Case","Junior","Eldridge, Iowa",NA,"North Scott HS","5'4""","G","2","https://www.augustana.edu/sports/womens-basketball/roster/presley-case/9879","2022-23","Junior",0
"231",40,"Augustana (IL)",9878,"Emily Brenneisen","Sophomore","Springfield, Ill.",NA,"Sacred Heart-Griffin HS","5'11""","G","10","https://www.augustana.edu/sports/womens-basketball/roster/emily-brenneisen/9878","2022-23","Sophomore",0
"232",40,"Augustana (IL)",9881,"Kylie Jozwik","Senior","Lindenhurst, Ill.",NA,"Lakes Community HS","5'11""","G","12","https://www.augustana.edu/sports/womens-basketball/roster/kylie-jozwik/9881","2022-23","Senior",0
"233",40,"Augustana (IL)",9893,"Kadence Tatum","Freshman","Moline, Ill.",NA,"Moline HS","5'3""","G","13","https://www.augustana.edu/sports/womens-basketball/roster/kadence-tatum/9893","2022-23","Freshman",0
"234",40,"Augustana (IL)",9894,"Carly Stone","Freshman","Beaverton, Ore.",NA,"Mountainside HS","5'8""","G","20","https://www.augustana.edu/sports/womens-basketball/roster/carly-stone/9894","2022-23","Freshman",0
"235",40,"Augustana (IL)",9891,"Cali Papez","Freshman","St. Charles, Ill.",NA,"St. Charles East HS","6'2""","F","21","https://www.augustana.edu/sports/womens-basketball/roster/cali-papez/9891","2022-23","Freshman",0
"236",40,"Augustana (IL)",9876,"Macy  Beinborn","Senior","Bettendorf, Iowa",NA,"Pleasant Valley HS","5'11""","G","23","https://www.augustana.edu/sports/womens-basketball/roster/macy-beinborn/9876","2022-23","Senior",0
"237",40,"Augustana (IL)",9877,"Emma Berg","Sophomore","Antioch, Ill.",NA,"Carmel Catholic HS","5'7""","G","24","https://www.augustana.edu/sports/womens-basketball/roster/emma-berg/9877","2022-23","Sophomore",0
"238",40,"Augustana (IL)",9885,"Gabriela Loiz","Senior","Davenport, Iowa",NA,"Alleman HS","5'8""","G","33","https://www.augustana.edu/sports/womens-basketball/roster/gabriela-loiz/9885","2022-23","Senior",0
"239",40,"Augustana (IL)",9880,"Linnea  Johansen","Junior","Manchester, Mo.",NA,"Parkway South HS","6'0""","F","44","https://www.augustana.edu/sports/womens-basketball/roster/linnea-johansen/9880","2022-23","Junior",0
"240",422,"Miles",3787,"Je'Nyiah Silas","Freshman","Huntsville, AL",NA,"Lee-Huntsville HS","5'8""","G","2","https://www.milesgoldenbears.com/sports/womens-basketball/roster/je-nyiah-silas/3787","2022-23","Freshman",0
"241",422,"Miles",3789,"Kelli Finkley","Freshman","Loganville, GA",NA,"Stephenson HS","5'7""","G","4","https://www.milesgoldenbears.com/sports/womens-basketball/roster/kelli-finkley/3789","2022-23","Freshman",0
"242",422,"Miles",3790,"Madison Lee","Freshman","Statesboro, GA",NA,"Statesboro HS","6'1""","F","5","https://www.milesgoldenbears.com/sports/womens-basketball/roster/madison-lee/3790","2022-23","Freshman",0
"243",422,"Miles",3784,"Tomesia Staten","Junior","Pleasant Grove, AL",NA,"Pleasant Grove HS","5'2""","G","11","https://www.milesgoldenbears.com/sports/womens-basketball/roster/tomesia-staten/3784","2022-23","Junior",0
"244",422,"Miles",3791,"Janiya Labyzon","Freshman","Mobile, AL",NA,"Vigor HS","5'11""","F","12","https://www.milesgoldenbears.com/sports/womens-basketball/roster/janiya-labyzon/3791","2022-23","Freshman",0
"245",422,"Miles",3794,"Jada Colley","Freshman","Huntsville, AL",NA,"Lee-Huntsville HS","5'6""","G","15","https://www.milesgoldenbears.com/sports/womens-basketball/roster/jada-colley/3794","2022-23","Freshman",0
"246",422,"Miles",3793,"Alyah Postma","Freshman","Montgomery, AL",NA,"Lee-Montgomery HS","5'5""","G","20","https://www.milesgoldenbears.com/sports/womens-basketball/roster/alyah-postma/3793","2022-23","Freshman",0
"247",422,"Miles",3780,"Nuriyah Slaton","Sophomore","Griffin, GA",NA,"Spaulding HS","5'9""","G","21","https://www.milesgoldenbears.com/sports/womens-basketball/roster/nuriyah-slaton/3780","2022-23","Sophomore",0
"248",422,"Miles",3792,"Tederia Ashley","Sophomore","Huntsville, AL",NA,"Mae Jemison HS","6'0""","F","24","https://www.milesgoldenbears.com/sports/womens-basketball/roster/tederia-ashley/3792","2022-23","Sophomore",0
"249",429,"Mississippi College",8464,"Karly Ivy","Freshman","Denton, Texas",NA,"Ponder HS","5'9""","Guard","1","https://www.gochoctaws.com/sports/womens-basketball/roster/karly-ivy/8464","2022-23","Freshman",0
"250",429,"Mississippi College",8462,"Keller Bigham","Freshman","Warren, Ark.",NA,"Warren HS","6'1""","F","13","https://www.gochoctaws.com/sports/womens-basketball/roster/keller-bigham/8462","2022-23","Freshman",0
"251",429,"Mississippi College",8461,"Brett Gardner","Freshman","Batesville, Ark.",NA,"Southside Charter HS","5'7""","Gu","15","https://www.gochoctaws.com/sports/womens-basketball/roster/brett-gardner/8461","2022-23","Freshman",0
"252",429,"Mississippi College",8457,"Yazmin Mosi","Sophomore","Chicago, Ill.",NA,"Whitney Young Magnet HS","5'10""","Forward","20","https://www.gochoctaws.com/sports/womens-basketball/roster/yazmin-mosi/8457","2022-23","Sophomore",0
"253",429,"Mississippi College",8451,"Amelia Bell","Sophomore","O'Fallon, Ill.",NA,"O'Fallon Township HS","6'1""","Forward","22","https://www.gochoctaws.com/sports/womens-basketball/roster/amelia-bell/8451","2022-23","Sophomore",0
"254",429,"Mississippi College",8453,"Mya Bobo","Sophomore","Saltillo, Miss.",NA,"Saltillo HS","6'0""","Forward","23","https://www.gochoctaws.com/sports/womens-basketball/roster/mya-bobo/8453","2022-23","Sophomore",0
"255",429,"Mississippi College",8459,"Sky Vaughn","Sophomore","Pontotoc, Miss.",NA,"Pontotoc HS","5'8""","Guard","24","https://www.gochoctaws.com/sports/womens-basketball/roster/sky-vaughn/8459","2022-23","Sophomore",0
"256",49,"Barry",5502,"Ambar Ramirez","Freshman","Hollywood, FL",NA,"Miami Christian HS","5'6""","Guard","0","https://www.gobarrybucs.com/sports/womens-basketball/roster/ambar-ramirez/5502","2022-23","Freshman",0
"257",49,"Barry",5499,"Rosheda Guthrie","Sophomore","Springfield, MA",NA,"Springfield Central HS","5'5""","Guard","2","https://www.gobarrybucs.com/sports/womens-basketball/roster/rosheda-guthrie/5499","2022-23","Sophomore",0
"258",49,"Barry",5500,"Ashleigh Pink","Senior","Sudbury, England",NA,"Copleston HS","5'9""","Guard","10","https://www.gobarrybucs.com/sports/womens-basketball/roster/ashleigh-pink/5500","2022-23","Senior",0
"259",49,"Barry",5517,"KNari Holliday","Freshman","Apopka, FL",NA,"Wekiva HS","6'1""","Center","13","https://www.gobarrybucs.com/sports/womens-basketball/roster/k-nari-holliday/5517","2022-23","Freshman",0
"260",49,"Barry",5518,"Kalea Rainey","Freshman","Orlando, FL",NA,"Dr. Phillips HS","5'7""","Guard","15","https://www.gobarrybucs.com/sports/womens-basketball/roster/kalea-rainey/5518","2022-23","Freshman",0
"261",49,"Barry",5503,"Skyeler Sandison","Sophomore","Harwich, MA",NA,"Nauset Regional HS","6'2""","Forward/Center","21","https://www.gobarrybucs.com/sports/womens-basketball/roster/skyeler-sandison/5503","2022-23","Sophomore",0
"262",49,"Barry",5519,"Anajah Ingram","Freshman","Mashantucket, CT",NA,"St. Andrews HS","5'9""","Guard/Forward","24","https://www.gobarrybucs.com/sports/womens-basketball/roster/anajah-ingram/5519","2022-23","Freshman",0
"263",49,"Barry",5493,"Trinity Bosecker","Junior","Theills, NY",NA,"North Rockland HS","6'3""","Forward/Center","41","https://www.gobarrybucs.com/sports/womens-basketball/roster/trinity-bosecker/5493","2022-23","Junior",0
"264",514,"Oakland",9730,"Brooke Daniels","Freshman","Macomb, Mich.",NA,"L'Anse Creuse North HS",NA,"Point Guard","5","https://www.goldengrizzlies.com/sports/womens-basketball/roster/brooke-daniels/9730","2022-23","Freshman",0
"265",514,"Oakland",9731,"Eva Pardo-Campillo","Freshman","Asturias, Spain",NA,"Galn HS",NA,"Forward","13","https://www.goldengrizzlies.com/sports/womens-basketball/roster/eva-pardo-campillo/9731","2022-23","Freshman",0
"266",514,"Oakland",9733,"Lianna Baxter","Freshman","Marinette, Wis.",NA,"Oconto HS",NA,"Center","40","https://www.goldengrizzlies.com/sports/womens-basketball/roster/lianna-baxter/9733","2022-23","Freshman",0
"267",6,"Alabama A&M",5320,"Darian Burgin","Junior","Cincinnati, Ohio",NA,"Walnut Hills HS","5'7""","Guard","0","https://www.aamusports.com/sports/womens-basketball/roster/darian-burgin/5320","2022-23","Junior",0
"268",6,"Alabama A&M",5322,"Asianae Nicholson","Freshman","South Euclid, Ohio",NA,"Brush HS","5'10""","F","1","https://www.aamusports.com/sports/womens-basketball/roster/asianae-nicholson/5322","2022-23","Freshman",0
"269",6,"Alabama A&M",5321,"LaCambria Shakespeare","Sophomore","Duluth, Ga.",NA,"Collins Hill HS","6'4""","Center","2","https://www.aamusports.com/sports/womens-basketball/roster/lacambria-shakespeare/5321","2022-23","Sophomore",0
"270",6,"Alabama A&M",5385,"Maya Cable","Freshman","Huntsville, Ala.",NA,"Sparkman HS","5'5""","Guard","10","https://www.aamusports.com/sports/womens-basketball/roster/maya-cable/5385","2022-23","Freshman",0
"271",6,"Alabama A&M",5328,"Jaelynne Murray","Freshman","Indianapolis, Ind.",NA,"Pike HS","5'10""","G","22","https://www.aamusports.com/sports/womens-basketball/roster/jaelynne-murray/5328","2022-23","Freshman",0
"272",6,"Alabama A&M",5330,"Emajin McCallop","Freshman","Kansas City, Kan.",NA,"Bishop Miege HS","5'6""","G","24","https://www.aamusports.com/sports/womens-basketball/roster/emajin-mccallop/5330","2022-23","Freshman",0
"273",6,"Alabama A&M",5332,"Donee' Frazier","Freshman","Lyndhurst, Ohio",NA,"Brush HS","6'0""","C","44","https://www.aamusports.com/sports/womens-basketball/roster/donee-frazier/5332","2022-23","Freshman",0
"274",646,"South Alabama",10182,"Kelsey Thompson","Freshman","Mobile, Ala.",NA,"Davidson HS","5'10""","Guard","2","https://www.usajaguars.com/sports/womens-basketball/roster/kelsey-thompson/10182","2022-23","Freshman",0
"275",646,"South Alabama",10183,"Naomi Smitherman","Freshman","Birmingham, Ala.",NA,"Ramsay HS","6'1""","Forward","3","https://www.usajaguars.com/sports/womens-basketball/roster/naomi-smitherman/10183","2022-23","Freshman",0
"276",646,"South Alabama",10184,"Michiyah Simmons","Freshman","Deerfield Beach, Fla.",NA,"Blanche Ely HS","5'6""","Guard","4","https://www.usajaguars.com/sports/womens-basketball/roster/michiyah-simmons/10184","2022-23","Freshman",0
"277",646,"South Alabama",10178,"Janelle Jones","Junior","Pensacola, Fla.",NA,"Washington HS","5'9""","G","10","https://www.usajaguars.com/sports/womens-basketball/roster/janelle-jones/10178","2022-23","Junior",0
"278",646,"South Alabama",10177,"Nadia Howard","Sophomore","Grayson, Ga.",NA,"Grayson HS","5'9""","Guard","11","https://www.usajaguars.com/sports/womens-basketball/roster/nadia-howard/10177","2022-23","Sophomore",0
"279",646,"South Alabama",10176,"Casey Ferguson","Graduate Student","Biloxi, Miss.",NA,"D'Iberville HS","5'11""","Forward","21","https://www.usajaguars.com/sports/womens-basketball/roster/casey-ferguson/10176","2022-23","Graduate Student",0
"280",646,"South Alabama",10185,"Rachel Leggett","Freshman","Navarre, Fla.",NA,"Navarre HS","5'8""","Guard","22","https://www.usajaguars.com/sports/womens-basketball/roster/rachel-leggett/10185","2022-23","Freshman",0
"281",646,"South Alabama",10180,"Jordan Rosier","Sophomore","Tallahassee, Fla.",NA,"Florida State University HS","5'9""","Guard","24","https://www.usajaguars.com/sports/womens-basketball/roster/jordan-rosier/10180","2022-23","Sophomore",0
"282",646,"South Alabama",10174,"Emani Burks","Redshirt Freshman","Melbourne, Fla.",NA,"Palm Bay HS","6'2""","Forward","30","https://www.usajaguars.com/sports/womens-basketball/roster/emani-burks/10174","2022-23","Freshman",1
"283",660,"SIUE",11243,"Destine Duckworth","Freshman","North Little Rock, Ark.",NA,"North Little Rock HS","6'0""","F","2","https://www.siuecougars.com/sports/womens-basketball/roster/destine-duckworth/11243","2022-23","Freshman",0
"284",660,"SIUE",11245,"Macy Silvey","Freshman","Glen Carbon, Ill.",NA,"Edwardsville HS","5'10""","G","4","https://www.siuecougars.com/sports/womens-basketball/roster/macy-silvey/11245","2022-23","Freshman",0
"285",660,"SIUE",11098,"Ajulu Thatha","Senior","Indianapolis, Ind.",NA,"Decatur Central (Ind.) HS","6'2""","F","5","https://www.siuecougars.com/sports/womens-basketball/roster/ajulu-thatha/11098","2022-23","Senior",0
"286",660,"SIUE",11240,"Anna Blank","Freshman","Olney, Ill.",NA,"Richland County HS","5'11""","G","10","https://www.siuecougars.com/sports/womens-basketball/roster/anna-blank/11240","2022-23","Freshman",0
"287",660,"SIUE",11096,"Mikayla Kinnard","Senior","Louisville, Ky.",NA,"Eastern HS","5'11""","G","12","https://www.siuecougars.com/sports/womens-basketball/roster/mikayla-kinnard/11096","2022-23","Senior",0
"288",660,"SIUE",11246,"Sophie Sullivan","Freshman","Villa Park, Ill.",NA,"Willowbrook HS","5'7""","G","22","https://www.siuecougars.com/sports/womens-basketball/roster/sophie-sullivan/11246","2022-23","Freshman",0
"289",660,"SIUE",11244,"Azaria Moore","Freshman","St. Louis, Mo.",NA,"Vashon HS","6'1""","F","23","https://www.siuecougars.com/sports/womens-basketball/roster/azaria-moore/11244","2022-23","Freshman",0
"290",660,"SIUE",11097,"Sofie Lowis","Sophomore","Springfield, Ill.",NA,"Sacred Heart Griffin HS","5'8""","G","24","https://www.siuecougars.com/sports/womens-basketball/roster/sofie-lowis/11097","2022-23","Sophomore",0
"291",660,"SIUE",11094,"Taylor Goss","Redshirt Freshman","Pekin, Ill.",NA,"Pekin HS","5'10""","G","25","https://www.siuecougars.com/sports/womens-basketball/roster/taylor-goss/11094","2022-23","Freshman",1
"292",660,"SIUE",11099,"Madison Webb","Junior","Bedford, Ind.",NA,"Bedford North Lawrence HS","6'2""","F","32","https://www.siuecougars.com/sports/womens-basketball/roster/madison-webb/11099","2022-23","Junior",0
"293",660,"SIUE",11093,"Tyler Butler","Sophomore","Belleville, Ill.",NA,"Belleville East HS","6'0""","F/C","42","https://www.siuecougars.com/sports/womens-basketball/roster/tyler-butler/11093","2022-23","Sophomore",0
"294",8744,"Southwestern Okla.",3951,"Fayth Laughlin","Junior","Cyril, Okla.",NA,"Cyril HS","5'5""","Guard","1","https://www.swosuathletics.com/sports/womens-basketball/roster/fayth-laughlin/3951","2022-23","Junior",0
"295",8744,"Southwestern Okla.",3919,"Adysen  Wilson","Sophomore","Omega, Okla.",NA,"Lomega HS","5'10""","Guard","10","https://www.swosuathletics.com/sports/womens-basketball/roster/adysen-wilson/3919","2022-23","Sophomore",0
"296",8744,"Southwestern Okla.",3953,"Carson Dillard","Freshman","Farmington, Ark.",NA,"Farmington HS","5'7""","Guard","11","https://www.swosuathletics.com/sports/womens-basketball/roster/carson-dillard/3953","2022-23","Freshman",0
"297",8744,"Southwestern Okla.",3917,"Shamica Smith","Sophomore","Norman, Okla.",NA,"Norman North HS","6'0""","Forward","12","https://www.swosuathletics.com/sports/womens-basketball/roster/shamica-smith/3917","2022-23","Sophomore",0
"298",8744,"Southwestern Okla.",3915,"Trinity Johnson","Sophomore","Farmington, Ark.",NA,"Farmington HS","5'9""","Guard","14","https://www.swosuathletics.com/sports/womens-basketball/roster/trinity-johnson/3915","2022-23","Sophomore",0
"299",8744,"Southwestern Okla.",3918,"Avery Walker-Henry","Sophomore","Lubbock, Texas",NA,"Frenship HS","5'7""","Guard","15","https://www.swosuathletics.com/sports/womens-basketball/roster/avery-walker-henry/3918","2022-23","Sophomore",0
"300",8744,"Southwestern Okla.",3954,"Sharlie Alder","Freshman","Ephraim, Utah",NA,"Manti HS","5'11""","Guard","20","https://www.swosuathletics.com/sports/womens-basketball/roster/sharlie-alder/3954","2022-23","Freshman",0
"301",8744,"Southwestern Okla.",3920,"Layni Zinn","Sophomore","Anadarko, Okla.",NA,"Anadarko HS","5'8""","Guard","21","https://www.swosuathletics.com/sports/womens-basketball/roster/layni-zinn/3920","2022-23","Sophomore",0
"302",8744,"Southwestern Okla.",3955,"Zaria  Fowler","Freshman","Lubbock, Texas",NA,"Frenship HS","5'11""","Forward","22","https://www.swosuathletics.com/sports/womens-basketball/roster/zaria-fowler/3955","2022-23","Freshman",0
"303",8744,"Southwestern Okla.",3914,"JaMaya Johnson","Sophomore","Allen, Texas",NA,"Allen HS","6'0""","Forward","24","https://www.swosuathletics.com/sports/womens-basketball/roster/jamaya-johnson/3914","2022-23","Sophomore",0
"304",9012,"Mo. Southern St.",6687,"Hailey Grant","Redshirt Sophomore","Claremore, Okla.",NA,"Claremore HS","6'1""","Guard","2","https://www.mssulions.com/sports/womens-basketball/roster/hailey-grant/6687","2022-23","Sophomore",1
"305",9012,"Mo. Southern St.",6700,"Peyton  Mosley","Freshman","Prosper, Texas",NA,"Prosper HS","5'8""","Guard","3","https://www.mssulions.com/sports/womens-basketball/roster/peyton-mosley/6700","2022-23","Freshman",0
"306",9012,"Mo. Southern St.",6695,"Mia Topping","Sophomore","Fort Worth, Texas",NA,"Timber Creek HS","5'7""","Guard","4","https://www.mssulions.com/sports/womens-basketball/roster/mia-topping/6695","2022-23","Sophomore",0
"307",9012,"Mo. Southern St.",6692,"Layne Skiles","Senior","Purdy, Mo.",NA,"Purdy HS","5'10""","Guard","5","https://www.mssulions.com/sports/womens-basketball/roster/layne-skiles/6692","2022-23","Senior",0
"308",9012,"Mo. Southern St.",6689,"Kaitlin Hunnicutt","Redshirt Sophomore","Danville, Ark.",NA,"Two Rivers HS","5'8""","Guard","10","https://www.mssulions.com/sports/womens-basketball/roster/kaitlin-hunnicutt/6689","2022-23","Sophomore",1
"309",9012,"Mo. Southern St.",6688,"Anjelina Humphreys","Redshirt Freshman","San Angelo, Texas",NA,"Central HS","5'10""","Forward","11","https://www.mssulions.com/sports/womens-basketball/roster/anjelina-humphreys/6688","2022-23","Freshman",1
"310",9012,"Mo. Southern St.",6693,"Lacy Stokes","Sophomore","Mount Vernon, Mo.",NA,"Mount Vernon HS","5'4""","Guard","21","https://www.mssulions.com/sports/womens-basketball/roster/lacy-stokes/6693","2022-23","Sophomore",0
"311",9012,"Mo. Southern St.",6955,"Ryan Franklin","Freshman","Edmond, Okla.",NA,"Edmond North HS","6'3""","Center","22","https://www.mssulions.com/sports/womens-basketball/roster/ryan-franklin/6955","2022-23","Freshman",0
"312",9012,"Mo. Southern St.",6694,"Madi Stokes","Redshirt Junior","Cassville, Mo.",NA,"Cassville HS","6'3""","Center","31","https://www.mssulions.com/sports/womens-basketball/roster/madi-stokes/6694","2022-23","Junior",1
"313",947,"Arkansas Tech",4489,"Brooklyn Kannady","Freshman","Van Buren, Ark.",NA,"Van Buren HS","5'9""","Guard","2","https://www.arkansastechsports.com/sports/womens-basketball/roster/brooklyn-kannady/4489","2022-23","Freshman",0
"314",947,"Arkansas Tech",4483,"Kaley Shipman","Junior","Mountain View, Ark.",NA,"Mountain View HS","5'7""","Guard","3","https://www.arkansastechsports.com/sports/womens-basketball/roster/kaley-shipman/4483","2022-23","Junior",0
"315",947,"Arkansas Tech",4485,"Jaki Rollins","Freshman","Mustang, Okla.",NA,"Mustang HS","5'9""","Guard","10","https://www.arkansastechsports.com/sports/womens-basketball/roster/jaki-rollins/4485","2022-23","Freshman",0
"316",947,"Arkansas Tech",4481,"Jalei Oglesby","Redshirt Sophomore","Howe, Okla.",NA,"Howe HS","5'8""","Guard","11","https://www.arkansastechsports.com/sports/womens-basketball/roster/jalei-oglesby/4481","2022-23","Sophomore",1
"317",947,"Arkansas Tech",4487,"Sarah Edmondson","Freshman","Flower Mound, Texas",NA,"Flower Mound HS","6'0""","Forward","20","https://www.arkansastechsports.com/sports/womens-basketball/roster/sarah-edmondson/4487","2022-23","Freshman",0
"318",947,"Arkansas Tech",4486,"Hayleigh  Wyrick","Freshman","Pearcy, Ark.",NA,"Lake Hamilton HS","5'8""","Guard","23","https://www.arkansastechsports.com/sports/womens-basketball/roster/hayleigh-wyrick/4486","2022-23","Freshman",0
"319",947,"Arkansas Tech",4482,"ClaraGrace Prater","Sophomore","Vilonia, Ark.",NA,"Vilonia HS","5'10""","Guard","24","https://www.arkansastechsports.com/sports/womens-basketball/roster/claragrace-prater/4482","2022-23","Sophomore",0
"320",947,"Arkansas Tech",4479,"Alex Hill","Sophomore","Harrison, Ark.",NA,"Harrison HS","5'10""","Guard","25","https://www.arkansastechsports.com/sports/womens-basketball/roster/alex-hill/4479","2022-23","Sophomore",0
"321",947,"Arkansas Tech",4488,"Rilee Underwood","Freshman","Pottsville, Ark.",NA,"Pottsville HS","5'10""","Forward","32","https://www.arkansastechsports.com/sports/womens-basketball/roster/rilee-underwood/4488","2022-23","Freshman",0
"322",947,"Arkansas Tech",4480,"Anna Myers","Junior","Russellville, Ark.",NA,"Russellville HS","6'1""","Forward","33","https://www.arkansastechsports.com/sports/womens-basketball/roster/anna-myers/4480","2022-23","Junior",0
"323",95,"Chico St.",5823,"Bailey Jones","Senior","Castro Valley",NA,"Castro Valley HS","5'4""","G","3","https://www.chicowildcats.com/sports/womens-basketball/roster/bailey-jones/5823","2022-23","Senior",0
"324",95,"Chico St.",5827,"Jiana Creswell","Freshman","Vacaville",NA,"Vanden HS","5'9""","G","10","https://www.chicowildcats.com/sports/womens-basketball/roster/jiana-creswell/5827","2022-23","Freshman",0
"325",95,"Chico St.",5826,"Morgan Mathis","Sophomore","Clovis",NA,"Buchanan HS","5'7""","G","11","https://www.chicowildcats.com/sports/womens-basketball/roster/morgan-mathis/5826","2022-23","Sophomore",0
"326",95,"Chico St.",5828,"Myli Martinez","Senior","Fairfield",NA,"Vanden HS","5'5""","G","20","https://www.chicowildcats.com/sports/womens-basketball/roster/myli-martinez/5828","2022-23","Senior",0
"327",95,"Chico St.",5829,"Sophia Williams","Freshman","San Jose",NA,"Evergreen Valley HS","5'8""","G","21","https://www.chicowildcats.com/sports/womens-basketball/roster/sophia-williams/5829","2022-23","Freshman",0
"328",95,"Chico St.",5830,"Haley Ison","Senior","Laguna Niguel",NA,"Tesoro HS","5'10""","F","23","https://www.chicowildcats.com/sports/womens-basketball/roster/haley-ison/5830","2022-23","Senior",0
"329",95,"Chico St.",5831,"Jazmyne Lillie","Sophomore","Seattle, Wash.",NA,"Rogers HS","5'6""","G","24","https://www.chicowildcats.com/sports/womens-basketball/roster/jazmyne-lillie/5831","2022-23","Sophomore",0
"330",95,"Chico St.",5832,"Makenzi Laporte","Sophomore","Salinas",NA,"Salinas HS","5'10""","F","32","https://www.chicowildcats.com/sports/womens-basketball/roster/makenzi-laporte/5832","2022-23","Sophomore",0
"331",95,"Chico St.",5834,"Stella Rollo","Sophomore","Denver, Colo.",NA,"Denver East HS","6'1""","F","41","https://www.chicowildcats.com/sports/womens-basketball/roster/stella-rollo/5834","2022-23","Sophomore",0
"332",996,"Cameron",3737,"Katie King","Sophomore","Harrah, Okla.",NA,"Harrah HS","5'6""","G","10","https://www.cameronaggies.com/sports/womens-basketball/roster/katie-king/3737","2022-23","Sophomore",0
"333",996,"Cameron",3741,"Kloe Heidebrecht","Freshman","Cache, Okla.",NA,"Cache HS","5'10""","G/F","21","https://www.cameronaggies.com/sports/womens-basketball/roster/kloe-heidebrecht/3741","2022-23","Freshman",0
